group,true_counts,true_percentage,pred_counts,pred_percentage
A,0.0,0.0,15.0,0.1
AB,0.0,0.0,57.0,0.38
HC,0.0,0.0,55.0,0.36666666666666664
IN,0.0,0.0,22.0,0.14666666666666667
SC-B,0.0,0.0,1.0,0.006666666666666667
total,0.0,0.0,150.0,1.0
